Name,Watched
Queen of the South,
Just go with it,Yes
Wake up Dead Man,
Back in Action,Yes
No One Saw u leave,
mission: impossible dead reckoning,
The Waterfront,
Her mother's killer,
The woman in cabin 10,
old money,
The roommate,
Devotion,Yes
Little things,
The killer,
Olympo,
The game you never play alone,
Kushi,
platonic,
zero day,
the ba***ds of bollywood,
Urvasivo Rakshasivo,
the guest,
deceitful,Yes
alba,
the dead girls,
until you burn,
the wrath of god,
night always comes,
my oxford year,
a true gentlemen,
the perfect couple,
franklin,
mea culpa,
hos,
la dolce villa,
a girl and an astronaut,
Dept.q,
Perfect stranger,
Medusa,Yes
Control z,
Hostage,
Breathless,
Aap jaisa coi,
Young millionaires,
Unspeakable sins,Yes
Oho Ethan baby,
A perfect pairing,
The four seasons,
A widows game,Yes
Bad influence,
The gentleman,
Sirens,
Shameless,
Newly rich and newly poor,
The little hours,Yes
The royals,
Thank you next,
Snakes and ladders,
Nonnas,
Court,
Heart of stone,
Fire fly lane,
Tonight your sleeping with me,
iHostage,
Asterix,
The most beautiful girl in the world ,
Happy ending,
No limit,
Man on the inside,
From scratch,
You,
Lonely planet,
The marked heart,
Summer heat,
Another self,
Pulse ,Yes
Chasing the wind,Yes
Guilty pleasure,Yes
The life list,Yes
Ride along,
The night agent,
The big short,
One day,
The first frost,
Dabba cartel,Yes
Nadaaniyan,Yes
Nobody wants this,
Uncharted,
The Lincoln lawyer,
Blacklist,Yes
Dynasty,
Sikandar ka mudadas,
Thank you for coming,Yes
Carry on,Yes
House of cards,
The recruit,
Money heist,
A family affair,
Never have I ever,
Obliterated,
My demon,
Business proposal,
Schists creek,
Xindagi na miles dobabra,
My life with the Walter boys,
Ctrl,
Dil dhadakne do,
IC814,
Kabir singh,
Darlings,
HIT the first case,
Ginny weds sunny,
Tallish,
Space force,
Outer banks,
Dear zindavgi,
Dhokha,
The union,
Happy new year,
Fool me once,
High tides,
The greatest of all time,
Dear,
Geostorm,
Bhool bhulaiyaa 2,
Sweet home,
Lift,
One day,
Shaman,
Midnight at the Pera palace,
Bullet train,
Friday night plan,
transformers the last night,
Malang unleash th madness,
Mother if the bride,
Surviving summer,
Dunki,
Dubai bling,
Satin shinde ka viral video,
The circle,
She’s out of my league,
A perfect story,
Enola holmes,
Enola holmes 2,
Fate the Winx saga,
Players,
Ok jaanu,
Mummy,
Jersey,
Hi nanna,
The society,
As the crow flies,
The gray man,
Article 370,
Chucky,
Mathu,
Through my window 3,
Irish wish,
Senna,
Journey 2 the mysterious island,
Young royals,
The outlaws,
She,Yes
To all the boys 3,
A man in full,
What if ,
Beef,
The rain,
Fair play,
The man from Toronto,
You are so not invited to my bat mitzvah,
The night before,
The tailor,
Fitter,
Hunger,
High seas,
Love divided,
Look both ways,
Sounds like love,
Blockbuster,
Burning betrayal,
Chandra much,
Society of the snow,
The accident,
Through my window 2,
Last call for Istanbul,
Art of love,
Along for the ride,
Sheriff,
Man vd bee,
Woody woodpecker,
Unfaithful,
The greatest night of pop,
Buddy,
Paradise,
Turning point,
Dhaka Dhaka,
Male me believe,
Good bye earth,
Lovehard,
Love is in the air,
Sushi,
The wonderful story of Henry sugar,
Ashley Madison,
All the light we cannot see,
Lies and deceit,
Boy swallows universe,
A tourists guide to love,
keep breathing,
Welcome to eden,
Anonymously yours,
Lady voyeur,
Burning body,
Intimacy,
Mysteries of the faith,
The hikacking of flight 601,
Chernobyl 1986,
Tom and jerry the movie,
Sky high the series no limit,
Friend zone,
Rough diamonds,
Kiss kiss,
Happy ending,
Heart parade,
Blood sex and royalty,
Ai love you,
The mind explaied ,
Night books,
Naga,
Materialists,
People we meet on vacation,Yes
Which brings me to you,
Billionaires Bunker,
The Thursday Murder Club,
Champagne Problems,
the vampire diaries,
the accused,
mr mercedes,
breaking bad,
do deewane seher mein,
big mistakes,
the cleaning lady,
with love,
vladimir,
fake profile,Yes
Between father and son,Yes
person of interest,
fall for me,
the staircase,
